Job Title,Location,Post/Publish Date,Job Link
Home,,,https://www.ibps.in/
"Policies, Rules & Guidelines",,,https://www.ibps.in/index.php/policies-rules-guidelines/
Careers,,,https://www.ibps.in/index.php/careers/
Tenders,,,https://www.ibps.in/index.php/tenders/
Contact Us,,,https://www.ibps.in/index.php/contact-us/
Home,,,https://www.ibps.in/
Overview,,,https://www.ibps.in/index.php/overviewofibps/
Organisational Structure,,,https://www.ibps.in/index.php/organisational-structure/
Organisational Divisions,,,https://www.ibps.in/index.php/organisational-divisions/
Management & Faculty Members,,,https://www.ibps.in/index.php/management/
Governing Board,,,https://www.ibps.in/index.php/governingboardofibps/
About The Founders,,,https://www.ibps.in/index.php/founders/
Former Chairmen of IBPS,,,https://www.ibps.in/index.php/chairmen/
Director’s Message,,,https://www.ibps.in/index.php/directorsmessage/
Highlights,,,https://www.ibps.in/index.php/ourhighlights/
Strengths,,,https://www.ibps.in/index.php/strength/
Academics,,,https://www.ibps.in/index.php/academics/
IBPS Social Responsibility,,,https://www.ibps.in/index.php/csr/
Gallery,,,https://www.ibps.in/index.php/gallery/
Services of IBPS,,,https://www.ibps.in/index.php/services/
Clients and Members,,,https://www.ibps.in/index.php/clientele/
Careers,,,https://www.ibps.in/index.php/careers/
Tenders,,,https://www.ibps.in/index.php/tenders/
Contact Us,,,https://www.ibps.in/index.php/contact-us/
Overview,,,https://www.ibps.in/index.php/overviewofibps/
Organisational Structure,,,https://www.ibps.in/index.php/organisational-structure/
Organisational Divisions,,,https://www.ibps.in/index.php/organisational-divisions/
Management & Faculty Members,,,https://www.ibps.in/index.php/management/
Governing Board,,,https://www.ibps.in/index.php/governingboardofibps/
About The Founders,,,https://www.ibps.in/index.php/founders/
Former Chairmen of IBPS,,,https://www.ibps.in/index.php/chairmen/
Director’s Message,,,https://www.ibps.in/index.php/directors/
Highlights,,,https://www.ibps.in/index.php/ourhighlights/
Strengths,,,https://www.ibps.in/index.php/strength/
Academics,,,https://www.ibps.in/index.php/academics/
IBPS Social Responsibility,,,https://www.ibps.in/index.php/csr/
Gallery,,,https://www.ibps.in/index.php/gallery/
Services of IBPS,,,https://www.ibps.in/index.php/services/
Clients and Members,,,https://www.ibps.in/index.php/clientele/
Read more,,,https://www.ibps.in/index.php/overviewofibps/
CRP RRBs,,,https://www.ibps.in/index.php/regional-rural-bank/
CRP CSA(Customer Service Associates),,,https://www.ibps.in/index.php/clerical-cadre/
CRP PO/MTs,,PO/MTs,https://www.ibps.in/index.php/management-trainees/
CRP Specialist Officers,,,https://www.ibps.in/index.php/specialist-officers/
Mock Test,,,https://www4.digialm.com/OnlineAssessment/index.html?167@@M152
Tender,,,https://www.ibps.in/wp-content/uploads/extension-rfp.pdf
"Corrigendum- Extension of Tender Submission Date & Time (Selection of System Integrator for Supply, Implementation and Managing a Colocation-Based DR Setup on a Private Cloud)",,,https://www.ibps.in/wp-content/uploads/extension-rfp.pdf
CRP-SPL-XV,,,https://www.ibps.in/index.php/specialist-officers/
Online Main Exam Call Letter for CRP-SPL-XV,,,https://www.ibps.in/index.php/specialist-officers/
CRP-SPL-XV,,,https://scribe.ibps.in
Link for Online Scribe Declaration Form for CRP-SPL-XV,,,https://scribe.ibps.in
Notice,,,https://www.ibps.in/wp-content/uploads/notice-final-1.pdf
Caution Notice regarding misuse of IBPS proprietary rights.,,,https://www.ibps.in/wp-content/uploads/notice-final-1.pdf
View All,,,https://www.ibps.in/index.php/crp-updates
View All,,,https://www.ibps.in/index.php/recruitment
PSBEngagement of MSME Relationship Managers on Contractual BasisRegistration From05-Nov-25,,05-Nov-25,https://ibpsreg.ibps.in/psbrmoct25/
PNBRecruitment of Local Bank Officer in JMGS IRegistration From03-Nov-25,,03-Nov-25,https://ibpsreg.ibps.in/pnboct25/
AIIMSRecruitment to Various Non-faculty PostsRegistration From01-Nov-25,,01-Nov-25,https://ibpsreg.ibps.in/aiimsgoct25/
SEBIRecruitment of Officer Grade A (Assistant Manager) 2025Registration From30-Oct-25,,30-Oct-25,https://ibpsreg.ibps.in/sebisep25/
MEDARecruitment of Various PostsRegistration From29-Oct-25,,29-Oct-25,https://ibpsreg.ibps.in/medasep25/
MSCEPRecruitment of Cluster Resource Center Co-ordinator (Cluster Head)Registration From25-Oct-25,,25-Oct-25,https://ibpsreg.ibps.in/mscepoct25/
DCCBRecruitment of Staff AssistantRegistration From18-Oct-25,,18-Oct-25,https://ibpsreg.ibps.in/dccbsep25/
MOILRecruitment of Various PostsRegistration From17-Oct-25,,17-Oct-25,https://ibpsreg.ibps.in/moilsep25/
CWCRecruitment of Various PostsRegistration From17-Oct-25,,17-Oct-25,https://ibpsreg.ibps.in/cwcsep25/
Candidate Grievance Lodging and Redressal Mechanism >,,,https://cgrs.ibps.in/
HOME,,,https://www.ibps.in/index.php/home
RECRUITMENT EXAMS,,,https://www.ibps.in/index.php/recruitment/
CRP - RRBs,,,https://www.ibps.in/index.php/regional-rural-bank
CRP - CLERKS,,,https://www.ibps.in/index.php/clerical-cadre
CRP - PO/MTs,,PO/MTs,https://www.ibps.in/index.php/management-trainees
CRP - SPECIALIST OFFICERS,,,https://www.ibps.in/index.php/specialist-officers
OVERVIEW,,,https://www.ibps.in/index.php/overviewofibps
CAREERS,,,https://www.ibps.in/index.php/careers
TENDERS,,,https://www.ibps.in/index.php/tenders
HIGHLIGHTS,,,https://www.ibps.in/index.php/ourhighlights
ACADEMICS,,,https://www.ibps.in/index.php/academics
GALLERY,,,https://www.ibps.in/index.php/gallery
"Personnel Selection Services for Recruitment, Promotion and Placement",,,https://www.ibps.in/index.php/services
Assessment Centres,,,https://www.ibps.in/index.php/services
"Capacity Building Training for Interviewing Skills, Conduct of Group Discussions",,,https://www.ibps.in/index.php/services
Nominating Experts,,,https://www.ibps.in/index.php/services
CONTACT US,,,https://www.ibps.in/index.php/contact-us
FAQ,,,https://www.ibps.in/index.php/faq
CRP Clerical cadre,,,https://www.ibps.in/index.php/clerical-cadre
CRP PO/MT,,PO/MT,https://www.ibps.in/index.php/management-trainees/
CRP RRB,,,https://www.ibps.in/index.php/regional-rural-bank
CRP Specialist Officer,,,https://www.ibps.in/index.php/specialist-officers
HOME,,,https://www.ibps.in/index.php/home
OVERVIEW,,,https://www.ibps.in/index.php/overviewofibps
HIGHLIGHTS,,,https://www.ibps.in/index.php/ourhighlights
CAREERS,,,https://www.ibps.in/index.php/careers
TENDERS,,,https://www.ibps.in/index.php/tenders
CONTACT US,,,https://www.ibps.in/index.php/contact-us
FAQ,,,https://www.ibps.in/index.php/faq
